{"tony/activity.log": 1763560599.3062842, "tony/12345679_summary.json": 1763560599.3052843, "tony/credentials_settings.json": 1763560599.307284, "tony/credentials.json": 1763560599.307284, "tony/client_db.xls.bak.20251027T225207Z": 1763560599.307284, "tony/client_db.meta.json": 1763560599.3062842, "tony/fiscal_meta.json": 1763560599.3082843, "tony/error.log": 1763560599.3082843, "tony/client_db.xls": 1763560599.307284, "tony/excel/12345679_2025_invoices.xlsx": 1763560599.3082843, "tony/excel/12345679_2024_invoices.xlsx": 1763560599.3082843, "tony/epsilon/12345679_epsilon_invoices.json": 1763560599.307284}