{"tony\\12345679_summary.json": 1763479025.8847432, "tony\\activity.log": 1763479025.8847432, "tony\\client_db.meta.json": 1763479025.8852396, "tony\\client_db.xls": 1763479025.8852396, "tony\\client_db.xls.bak.20251027T225207Z": 1763479025.8857365, "tony\\credentials.json": 1763479025.8857365, "tony\\credentials_settings.json": 1763479025.886233, "tony\\error.log": 1763479025.88673, "tony\\fiscal_meta.json": 1763479025.8872266, "tony\\epsilon\\12345679_epsilon_invoices.json": 1763479025.886233, "tony\\excel\\12345679_2024_invoices.xlsx": 1763479025.88673, "tony\\excel\\12345679_2025_invoices.xlsx": 1763479025.8872266}