{"activity.log": 1763219446.6758926, "fiscal_meta.json": 1763073645.9098697, "error.log": 1763217378.6710138, "parad1/fiscal_meta.json": 1763219120.8129115, "test/activity.log": 1763168674.491595, "test/12345679_summary.json": 1763168674.495595, "test/credentials_settings.json": 1763168674.493595, "test/credentials.json": 1763168674.494595, "test/client_db.xls.bak.20251027T225207Z": 1763168674.492595, "test/client_db.meta.json": 1763168674.489595, "test/fiscal_meta.json": 1763168674.493595, "test/error.log": 1763168674.494595, "test/client_db.xls": 1763168674.496595, "test/exports/12345679_EPSILON_BRIDGE_KINHSEIS.xlsx": 1763168797.4036043, "test/excel/12345679_2025_invoices.xlsx": 1763168674.497595, "test/excel/12345679_2024_invoices.xlsx": 1763168674.497595, "test/epsilon/12345679_epsilon_invoices.json": 1763168674.496595}