{"tony\\12345679_summary.json": 1763813633.4020705, "tony\\802576637_invoices.json": 1763813633.4025707, "tony\\802576637_summary.json": 1763813633.4025707, "tony\\activity.log": 1763814921.947418, "tony\\client_db.meta.json": 1763479025.8852396, "tony\\client_db.xls": 1763479025.8852396, "tony\\client_db.xls.bak.20251027T225207Z": 1763479025.8857365, "tony\\credentials.json": 1763813633.4035704, "tony\\credentials_settings.json": 1763813633.4035704, "tony\\error.log": 1763813633.4045708, "tony\\fiscal_meta.json": 1763819470.2308807, "tony\\epsilon\\12345679_epsilon_invoices.json": 1763813633.4040706, "tony\\epsilon\\802576637_epsilon_invoices.json": 1763813633.4040706, "tony\\excel\\12345679_2024_invoices.xlsx": 1763479025.88673, "tony\\excel\\12345679_2025_invoices.xlsx": 1763813633.405071, "tony\\excel\\802576637_2025_invoices.xlsx": 1763813633.405071, "tony\\exports\\802576637_EPSILON_BRIDGE_KINHSEIS.xlsx": 1763814921.8426697}