{"douras\\802576637_invoices.json": 1763850607.592791, "douras\\802576637_summary.json": 1763850607.5952914, "douras\\activity.log": 1763850662.0197794, "douras\\client_db.meta.json": 1763850607.5977912, "douras\\client_db.xls": 1763850607.6007907, "douras\\client_db.xls.bak.20251027T225207Z": 1763850607.6027906, "douras\\credentials.json": 1763850607.6047907, "douras\\credentials_settings.json": 1763850607.6067905, "douras\\error.log": 1763850607.6092908, "douras\\fiscal_meta.json": 1763850607.6107912, "douras\\epsilon\\802576637_epsilon_invoices.json": 1763850607.612792, "douras\\excel\\802576637_2025_invoices.xlsx": 1763850607.6152909, "douras\\exports\\802576637_EPSILON_BRIDGE_KINHSEIS.xlsx": 1763850661.9217792}