{"tony/activity.log": 1763730950.9546258, "tony/12345679_summary.json": 1763641178.036146, "tony/credentials_settings.json": 1763641178.034146, "tony/credentials.json": 1763641178.035146, "tony/client_db.xls.bak.20251027T225207Z": 1763641178.0331461, "tony/client_db.meta.json": 1763641178.0301461, "tony/fiscal_meta.json": 1763729575.594672, "tony/error.log": 1763641178.035146, "tony/802576637_invoices.json": 1763726888.4107625, "tony/802576637_summary.json": 1763726888.4617627, "tony/client_db.xls": 1763652768.971891, "tony/exports/802576637_EPSILON_BRIDGE_KINHSEIS.xlsx": 1763730864.3416286, "tony/excel/802576637_2025_invoices.xlsx": 1763730950.9156258, "tony/excel/12345679_2025_invoices.xlsx": 1763641178.038146, "tony/excel/12345679_2024_invoices.xlsx": 1763641178.039146, "tony/epsilon/12345679_epsilon_invoices.json": 1763641178.038146, "tony/epsilon/802576637_epsilon_invoices.json": 1763730950.9176257}