{"activity.log": 1763319663.6610172, "fiscal_meta.json": 1763317347.9630952, "error.log": 1763254660.4845195, "_admin_backup.json": 1763318095.4660702}