{"tony/activity.log": 1763420426.2045262, "tony/12345679_summary.json": 1763420426.2035263, "tony/credentials_settings.json": 1763420812.1785133, "tony/credentials.json": 1763420426.2045262, "tony/client_db.xls.bak.20251027T225207Z": 1763420426.2045262, "tony/client_db.meta.json": 1763420426.2045262, "tony/fiscal_meta.json": 1763420426.2045262, "tony/error.log": 1763420426.2045262, "tony/client_db.xls": 1763420426.2045262, "tony/excel/12345679_2025_invoices.xlsx": 1763420426.2045262, "tony/excel/12345679_2024_invoices.xlsx": 1763420426.2045262, "tony/epsilon/12345679_epsilon_invoices.json": 1763420426.2045262}