{"dourtest/12345679_summary.json": 1763399341.6656098, "dourtest/credentials_settings.json": 1763399341.66461, "dourtest/credentials.json": 1763399341.6656098, "dourtest/client_db_xls_bak_20251027t225207z": 1763399341.66461, "dourtest/fiscal_meta.json": 1763399341.6656098, "dourtest/error_log": 1763399341.6656098, "dourtest/client_db_meta.json": 1763399341.6636097, "dourtest/activity_log": 1763399341.66461, "dourtest/client_db_xls_bak_20251027T225207Z": 1763399341.66461, "dourtest/client_db.xls": 1763399341.6656098, "dourtest/excel/12345679_2025_invoices.xlsx": 1763399341.6666098, "dourtest/excel/12345679_2024_invoices.xlsx": 1763399341.6666098, "dourtest/epsilon/12345679_epsilon_invoices.json": 1763399341.6666098}