{"tony\\12345679_summary.json": 1763813633.4020705, "tony\\802576637_invoices.json": 1763851070.5950892, "tony\\802576637_summary.json": 1763854936.9383008, "tony\\activity.log": 1763855784.363918, "tony\\client_db.meta.json": 1763479025.8852396, "tony\\client_db.xls": 1763479025.8852396, "tony\\client_db.xls.bak.20251027T225207Z": 1763479025.8857365, "tony\\credentials.json": 1763813633.4035704, "tony\\credentials_settings.json": 1763813633.4035704, "tony\\error.log": 1763813633.4045708, "tony\\fiscal_meta.json": 1763851070.7390888, "tony\\epsilon\\12345679_epsilon_invoices.json": 1763820673.2202811, "tony\\epsilon\\802576637_epsilon_invoices.json": 1763854936.974801, "tony\\excel\\12345679_2024_invoices.xlsx": 1763479025.88673, "tony\\excel\\12345679_2025_invoices.xlsx": 1763820673.2162817, "tony\\excel\\802576637_2025_invoices.xlsx": 1763854936.9733002, "tony\\exports\\12345679_EPSILON_BRIDGE_KINHSEIS.xlsx": 1763820677.7882555, "tony\\exports\\802576637_EPSILON_BRIDGE_KINHSEIS.xlsx": 1763855711.9254522}