{"tony/activity.log": 1763401337.1957252, "tony/12345679_summary.json": 1763401495.5627344, "tony/credentials_settings.json": 1763401337.1957252, "tony/credentials.json": 1763401337.1967254, "tony/client_db.xls.bak.20251027T225207Z": 1763401337.1957252, "tony/client_db.meta.json": 1763401337.1937253, "tony/fiscal_meta.json": 1763401337.1957252, "tony/error.log": 1763401337.1967254, "tony/client_db.xls": 1763401337.1967254, "tony/excel/12345679_2025_invoices.xlsx": 1763401495.6447344, "tony/excel/12345679_2024_invoices.xlsx": 1763401337.1977253, "tony/epsilon/12345679_epsilon_invoices.json": 1763401495.6457345}