{"activity.log": 1763366553.2363734, "fiscal_meta.json": 1763325772.6632617, "error.log": 1763365910.675395, "_admin_backup.json": 1763325772.6622617, "_backups/parad1_backup_20251117_075528/fiscal_meta.json": 1763330091.6641161, "_backups/test_backup_folder_backup_20251117_075453/test_file.txt": 1763331033.2830844, "dd/12345679_summary.json": 1763328621.2652092, "dd/credentials_settings.json": 1763328621.263209, "dd/files.json": 1763332104.8190484, "dd/credentials.json": 1763328621.2642093, "dd/fiscal_meta.json": 1763334922.2329533, "dd/client_db_meta.json": 1763328621.260209, "dd/client_db.xls": 1763328621.2662094, "dd/excel/12345679_2025_invoices.xlsx": 1763335416.2839367, "dd/excel/12345679_2024_invoices.xlsx": 1763334660.8989623, "dd/epsilon/12345679_epsilon_invoices.json": 1763335416.2849367, "admin/activity.log": 1763366128.4133878, "system/activity.log": 1763365892.2953956}