{"tony/activity.log": 1763417623.6079555, "tony/12345679_summary.json": 1763417623.6079555, "tony/credentials_settings.json": 1763418479.2279267, "tony/credentials.json": 1763417623.6079555, "tony/client_db.xls.bak.20251027T225207Z": 1763417623.6079555, "tony/client_db.meta.json": 1763417623.6079555, "tony/fiscal_meta.json": 1763417623.6079555, "tony/error.log": 1763417623.6079555, "tony/client_db.xls": 1763417623.6079555, "tony/excel/12345679_2025_invoices.xlsx": 1763417623.6079555, "tony/excel/12345679_2024_invoices.xlsx": 1763417623.6079555, "tony/epsilon/12345679_epsilon_invoices.json": 1763417623.6079555}